Country,Year,Predicted_Share
Afghanistan,2020,20.768162012791567
Afghanistan,2021,21.25159888985518
Afghanistan,2022,21.728347995998497
Afghanistan,2023,22.16867865852593
Afghanistan,2024,22.54437492671771
Afghanistan,2025,22.839306258014506
Afghanistan,2026,23.05236609011168
Afghanistan,2027,23.19423902077722
Afghanistan,2028,23.28149375504105
Afghanistan,2029,23.331153542386467
Afghanistan,2030,23.35735222262876
Algeria,2020,0.2488933059389576
Algeria,2021,0.2703759982231908
Algeria,2022,0.2874203113156281
Algeria,2023,0.2997778750142162
Algeria,2024,0.3080149169488934
Algeria,2025,0.31308270616519346
Algeria,2026,0.31596854661091717
Algeria,2027,0.3174926021077241
Algeria,2028,0.31824017672099064
Algeria,2029,0.3185811609382274
Algeria,2030,0.31872591598398775
Angola,2020,59.04300014492922
Angola,2021,59.67422185421575
Angola,2022,59.92882942636493
Angola,2023,59.92303244360141
Angola,2024,59.77758875005471
Angola,2025,59.58809658392236
Angola,2026,59.41357250618602
Angola,2027,59.279739484751566
Angola,2028,59.18969055587911
Angola,2029,59.13525462705459
Angola,2030,59.10530907975548
Antigua and Barbuda,2020,0.8510495845932358
Antigua and Barbuda,2021,0.7994357847587057
Antigua and Barbuda,2022,0.716497164429103
Antigua and Barbuda,2023,0.6216947766889711
Antigua and Barbuda,2024,0.5314068389375286
Antigua and Barbuda,2025,0.4559751774039822
Antigua and Barbuda,2026,0.3993785913345681
Antigua and Barbuda,2027,0.36075306732587603
Antigua and Barbuda,2028,0.33659004226800765
Antigua and Barbuda,2029,0.32266501491292177
Antigua and Barbuda,2030,0.31524679913856135
Argentina,2020,10.698042862317237
Argentina,2021,10.680790198488147
Argentina,2022,10.589048104981163
Argentina,2023,10.459217613808391
Argentina,2024,10.324378646304172
Argentina,2025,10.2069596395644
Argentina,2026,10.117154957152133
Argentina,2027,10.055492787695094
Argentina,2028,10.01701675106646
Argentina,2029,9.995034511696238
Argentina,2030,9.98347826653335
Armenia,2020,10.457351388571103
Armenia,2021,9.915593679635908
Armenia,2022,9.414203229938003
Armenia,2023,9.017240188845006
Armenia,2024,8.743937526183515
Armenia,2025,8.580247843611144
Armenia,2026,8.49634309344006
Armenia,2027,8.46135149353679
Armenia,2028,8.451444095700634
Armenia,2029,8.45176405397705
Armenia,2030,8.454766084510087
Aruba,2020,5.875072444450906
Aruba,2021,5.565825540753558
Aruba,2022,5.191474489588823
Aruba,2023,4.788137886850216
Aruba,2024,4.4041994202580454
Aruba,2025,4.078647616234713
Aruba,2026,3.8303149206136062
Aruba,2027,3.658461542481624
Aruba,2028,3.549853167452675
Aruba,2029,3.4868508137382963
Aruba,2030,3.45317392064583
Australia,2020,9.414451050444246
Australia,2021,9.271042887802924
Australia,2022,9.106911778883687
Australia,2023,8.941929865075297
Australia,2024,8.793722147751275
Australia,2025,8.67354917378107
Australia,2026,8.58500628305267
Australia,2027,8.525431285584807
Australia,2028,8.488685317074316
Australia,2029,8.467844022251878
Australia,2030,8.456947411681789
Austria,2020,32.472250298085726
Austria,2021,31.94421759176701
Austria,2022,31.48909322163395
Austria,2023,31.118709998542794
Austria,2024,30.833335395543358
Austria,2025,30.625258239917002
Austria,2026,30.48200427871665
Austria,2027,30.389149909873517
Austria,2028,30.33264537263011
Austria,2029,30.300440945170184
Austria,2030,30.28328123267595
Azerbaijan,2020,2.167817575535718
Azerbaijan,2021,2.2421022884274686
Azerbaijan,2022,2.3101171206779516
Azerbaijan,2023,2.370088014358836
Azerbaijan,2024,2.4212424787682574
Azerbaijan,2025,2.4629127439922636
Azerbaijan,2026,2.4948305938882074
Azerbaijan,2027,2.5175623386480215
Azerbaijan,2028,2.5325235062920046
Azerbaijan,2029,2.541601155266174
Azerbaijan,2030,2.5466773212161287
Bahamas,2020,0.8718944264310388
Bahamas,2021,0.7391328353374037
Bahamas,2022,0.6710251611564045
Bahamas,2023,0.6663599337980047
Bahamas,2024,0.7071389870261497
Bahamas,2025,0.7697148001482647
Bahamas,2026,0.8339829549538205
Bahamas,2027,0.8877685689113691
Bahamas,2028,0.9267359243668303
Bahamas,2029,0.9518522891958181
Bahamas,2030,0.9664707975852471
Bahrain,2020,0.0
Bahrain,2021,0.0
Bahrain,2022,0.0
Bahrain,2023,0.0
Bahrain,2024,0.0
Bahrain,2025,0.0
Bahrain,2026,0.0
Bahrain,2027,0.0
Bahrain,2028,0.0
Bahrain,2029,0.0
Bahrain,2030,0.0
Bangladesh,2020,37.57889646531
Bangladesh,2021,38.90159376916838
Bangladesh,2022,40.15557880435245
Bangladesh,2023,41.23533670303825
Bangladesh,2024,42.08710946589157
Bangladesh,2025,42.70611392914637
Bangladesh,2026,43.12211524705827
Bangladesh,2027,43.38136795058077
Bangladesh,2028,43.53149891975479
Bangladesh,2029,43.61241069679519
Bangladesh,2030,43.65304257852227
Barbados,2020,7.457056502026079
Barbados,2021,7.98011035785653
Barbados,2022,8.309807748715665
Barbados,2023,8.486879987312678
Barbados,2024,8.561447211810156
Barbados,2025,8.57815969246265
Barbados,2026,8.569097026426276
Barbados,2027,8.553144057477361
Barbados,2028,8.539016259301638
Barbados,2029,8.529242537152804
Barbados,2030,8.523450120126808
Belarus,2020,7.610993614459074
Belarus,2021,7.6066006621343
Belarus,2022,7.500739954782526
Belarus,2023,7.3338627678979655
Belarus,2024,7.150802209431694
Belarus,2025,6.9859062003802945
Belarus,2026,6.857064261628638
Belarus,2027,6.767469586199358
Belarus,2028,6.7112206828511685
Belarus,2029,6.679051997757636
Belarus,2030,6.6621926890243826
Belgium,2020,8.66364422203799
Belgium,2021,8.116253593970669
Belgium,2022,7.52972035794634
Belgium,2023,6.966382115129463
Belgium,2024,6.4755563924563475
Belgium,2025,6.084863208004457
Belgium,2026,5.799412113323656
Belgium,2027,5.607333838212693
Belgium,2028,5.487994518024869
Belgium,2029,5.419395601848412
Belgium,2030,5.382854723091595
Belize,2020,34.51859084250816
Belize,2021,34.55866636495396
Belize,2022,34.60306581186724
Belize,2023,34.61911941309627
Belize,2024,34.603467941372415
Belize,2025,34.56821610098504
Belize,2026,34.528077454551884
Belize,2027,34.49324091844406
Belize,2028,34.46785838979071
Belize,2029,34.451698353110004
Belize,2030,34.442518185644296
Benin,2020,45.73144412754943
Benin,2021,46.94953219388678
Benin,2022,48.42938474222051
Benin,2023,49.92468522836151
Benin,2024,51.24592739942695
Benin,2025,52.291357304942714
Benin,2026,53.04204116458245
Benin,2027,53.53530365538761
Benin,2028,53.8335457472133
Benin,2029,54.000124666105
Benin,2030,54.08631502642757
Bermuda,2020,0.7514625030659902
Bermuda,2021,0.7249338391613329
Bermuda,2022,0.6942255876085017
Bermuda,2023,0.6655768946340501
Bermuda,2024,0.6426481720136721
Bermuda,2025,0.6264833367072998
Bermuda,2026,0.6163126884569678
Bermuda,2027,0.6105647618148082
Bermuda,2028,0.6076404504023788
Bermuda,2029,0.606303062888032
Bermuda,2030,0.6057564950202635
Bhutan,2020,82.91178347919144
Bhutan,2021,83.28826247720109
Bhutan,2022,83.99878372141359
Bhutan,2023,84.89119667894644
Bhutan,2024,85.80113771287496
Bhutan,2025,86.6018814504051
Bhutan,2026,87.22721612299934
Bhutan,2027,87.66733276869937
Bhutan,2028,87.94918574677777
Bhutan,2029,88.11448467836503
Bhutan,2030,88.20366843082518
Bolivia,2020,9.376583054034015
Bolivia,2021,10.825645923514951
Bolivia,2022,12.343916859954051
Bolivia,2023,13.740809265480298
Bolivia,2024,14.896013541381102
Bolivia,2025,15.765802194832363
Bolivia,2026,16.36675640492787
Bolivia,2027,16.749742082286144
Bolivia,2028,16.975675659113346
Bolivia,2029,17.099366167855123
Bolivia,2030,17.162324506340806
Bosnia and Herzegovina,2020,23.19518346809332
Bosnia and Herzegovina,2021,22.65033920097703
Bosnia and Herzegovina,2022,22.072067357114253
Bosnia and Herzegovina,2023,21.5299300543009
Bosnia and Herzegovina,2024,21.06733523996448
Bosnia and Herzegovina,2025,20.703410726355916
Bosnia and Herzegovina,2026,20.437974470195563
Bosnia and Herzegovina,2027,20.258088485945557
Bosnia and Herzegovina,2028,20.14473954524075
Bosnia and Herzegovina,2029,20.078325137150927
Bosnia and Herzegovina,2030,20.04214168018099
Botswana,2020,27.74436820856665
Botswana,2021,28.433610405283584
Botswana,2022,29.073656922489064
Botswana,2023,29.619189852343595
Botswana,2024,30.05023382294846
Botswana,2025,30.36754655513021
Botswana,2026,30.585660783964304
Botswana,2027,30.72575249309998
Botswana,2028,30.8098227929519
Botswana,2029,30.856943332220073
Botswana,2030,30.881599522861634
Brazil,2020,47.16028578462557
Brazil,2021,47.11298580284246
Brazil,2022,46.84063636826327
Brazil,2023,46.456572551719894
Brazil,2024,46.06017575401025
Brazil,2025,45.716659372853556
Brazil,2026,45.454518873988185
Brazil,2027,45.27437057605306
Brazil,2028,45.16149074818959
Brazil,2029,45.09651275304398
Brazil,2030,45.061982377467594
Brunei,2020,0.010000000000000002
Brunei,2021,0.010000000000000002
Brunei,2022,0.010000000000000002
Brunei,2023,0.010000000000000002
Brunei,2024,0.010000000000000002
Brunei,2025,0.010000000000000002
Brunei,2026,0.010000000000000002
Brunei,2027,0.010000000000000002
Brunei,2028,0.010000000000000002
Brunei,2029,0.010000000000000002
Brunei,2030,0.010000000000000002
Bulgaria,2020,15.355270521071883
Bulgaria,2021,14.7148313912133
Bulgaria,2022,14.136751100689636
Bulgaria,2023,13.642079933494248
Bulgaria,2024,13.241636795291823
Bulgaria,2025,12.936269500762188
Bulgaria,2026,12.717826328481266
Bulgaria,2027,12.57172602657767
Bulgaria,2028,12.480573351805733
Bulgaria,2029,12.427597105266244
Bulgaria,2030,12.39893854973932
Burkina Faso,2020,72.52705780566261
Burkina Faso,2021,73.67706170563062
Burkina Faso,2022,74.88774830691503
Burkina Faso,2023,76.01439239403855
Burkina Faso,2024,76.96168754294042
Burkina Faso,2025,77.68942162615896
Burkina Faso,2026,78.20349155788622
Burkina Faso,2027,78.53874272614016
Burkina Faso,2028,78.74113155972461
Burkina Faso,2029,78.85445162711501
Burkina Faso,2030,78.91338449072886
Burundi,2020,86.42543654847375
Burundi,2021,86.63693490699207
Burundi,2022,87.23838900856003
Burundi,2023,88.06024197827936
Burundi,2024,88.92326471216707
Burundi,2025,89.69137075302253
Burundi,2026,90.29351430642545
Burundi,2027,90.71747895416576
Burundi,2028,90.98866485657845
Burundi,2029,91.14740696334296
Burundi,2030,91.23286977601951
Cambodia,2020,61.215599620393604
Cambodia,2021,62.77774482574615
Cambodia,2022,64.45132516160086
Cambodia,2023,66.01741013001627
Cambodia,2024,67.32932270662945
Cambodia,2025,68.32675813430865
Cambodia,2026,69.02092708041195
Cambodia,2027,69.46567723752388
Cambodia,2028,69.72904388027554
Cambodia,2029,69.87360169418123
Cambodia,2030,69.94730311647255
Cameroon,2020,80.25592977255438
Cameroon,2021,80.50466174488157
Cameroon,2022,80.6986894271319
Cameroon,2023,80.85628780637636
Cameroon,2024,80.98854619665077
Cameroon,2025,81.09906721003486
Cameroon,2026,81.18758995887669
Cameroon,2027,81.25387956507844
Cameroon,2028,81.299721193032
Cameroon,2029,81.32886053095646
Cameroon,2030,81.34587315226753
Canada,2020,21.606270136135695
Canada,2021,21.485419884584786
Canada,2022,21.462462690170277
Canada,2023,21.51631958082199
Canada,2024,21.61379590659164
Canada,2025,21.72291287782301
Canada,2026,21.82112777376152
Canada,2027,21.897456517459858
Canada,2028,21.950250026281214
Canada,2029,21.983266888125055
Canada,2030,22.002112745641494
Cape Verde,2020,22.163530393320542
Cape Verde,2021,22.145756876518487
Cape Verde,2022,22.348659707704023
Cape Verde,2023,22.674662074678416
Cape Verde,2024,23.029718801957113
Cape Verde,2025,23.347174075866587
Cape Verde,2026,23.594354476726267
Cape Verde,2027,23.766459072266603
Cape Verde,2028,23.87515949147602
Cape Verde,2029,23.937977914117262
Cape Verde,2030,23.97138266523681
Cayman Islands,2020,0.010000000000000002
Cayman Islands,2021,0.010000000000000002
Cayman Islands,2022,0.010000000000000002
Cayman Islands,2023,0.010000000000000002
Cayman Islands,2024,0.010000000000000002
Cayman Islands,2025,0.010000000000000002
Cayman Islands,2026,0.010000000000000002
Cayman Islands,2027,0.010000000000000002
Cayman Islands,2028,0.010000000000000002
Cayman Islands,2029,0.010000000000000002
Cayman Islands,2030,0.010000000000000002
Central African Republic,2020,91.24035046998966
Central African Republic,2021,91.37716018279839
Central African Republic,2022,91.51868290954856
Central African Republic,2023,91.61291232572083
Central African Republic,2024,91.64510851444497
Central African Republic,2025,91.62746650166112
Central African Republic,2026,91.58306181519681
Central African Republic,2027,91.53294457400281
Central African Republic,2028,91.49009195371062
Central African Republic,2029,91.45927275559123
Central African Republic,2030,91.43985337241699
Chad,2020,79.9087978029343
Chad,2021,80.45360081327571
Chad,2022,80.92922861746504
Chad,2023,81.3240443686261
Chad,2024,81.63572523897479
Chad,2025,81.86903284946452
Chad,2026,82.03391851047135
Chad,2027,82.14346486467669
Chad,2028,82.21163645193349
Chad,2029,82.25126708730134
Chad,2030,82.27274993588458
Chile,2020,26.470601721104746
Chile,2021,27.175146311468193
Chile,2022,27.8165575965528
Chile,2023,28.326615727548973
Chile,2024,28.686559245370535
Chile,2025,28.91334235103222
Chile,2026,29.040815523226147
Chile,2027,29.104211598217816
Chile,2028,29.131524242418376
Chile,2029,29.141191594309575
Chile,2030,29.14354187695062
China,2020,15.102792841680719
China,2021,15.776064918508611
China,2022,16.4211705078703
China,2023,16.995924157247824
China,2024,17.469001553751927
China,2025,17.828100853026893
China,2026,18.079620117926343
China,2027,18.242423032921803
China,2028,18.33998134170458
China,2029,18.394197928528637
China,2030,18.422183938250168
Colombia,2020,30.088388073605483
Colombia,2021,29.829357865668328
Colombia,2022,29.666741292123163
Colombia,2023,29.587022396167622
Colombia,2024,29.564929459006432
Colombia,2025,29.57465267772863
Colombia,2026,29.59646319209056
Colombia,2027,29.618569176918047
Colombia,2028,29.635841289585255
Colombia,2029,29.647363875982073
Colombia,2030,29.65418411421923
Comoros,2020,60.77309039305243
Comoros,2021,61.524421302318835
Comoros,2022,62.417621727110564
Comoros,2023,63.29875948010485
Comoros,2024,64.06119012857978
Comoros,2025,64.65417708135547
Comoros,2026,65.0741492846553
Comoros,2027,65.34710227917243
Comoros,2028,65.51071377412059
Comoros,2029,65.60147015939722
Comoros,2030,65.6481717163261
Congo,2020,69.02501165015507
Congo,2021,68.34790245455086
Congo,2022,67.51665451126587
Congo,2023,66.69108300417932
Congo,2024,65.98056419157543
Congo,2025,65.43507984040997
Congo,2026,65.0558072329299
Congo,2027,64.81481937680314
Congo,2028,64.67406782287871
Congo,2029,64.59819594058746
Congo,2030,64.56033873635592
Costa Rica,2020,35.53366712624288
Costa Rica,2021,35.521261271475105
Costa Rica,2022,35.625037805234385
Costa Rica,2023,35.80088371401403
Costa Rica,2024,36.00024971595148
Costa Rica,2025,36.18474074568024
Costa Rica,2026,36.33277401992665
Costa Rica,2027,36.4385981820746
Costa Rica,2028,36.5069997149879
Costa Rica,2029,36.54733895829453
Costa Rica,2030,36.56917466313811
Cote d'Ivoire,2020,63.331051275233946
Cote d'Ivoire,2021,64.12442318930763
Cote d'Ivoire,2022,65.05819601805534
Cote d'Ivoire,2023,65.94709479644467
Cote d'Ivoire,2024,66.68167481188297
Cote d'Ivoire,2025,67.22464366319811
Cote d'Ivoire,2026,67.58924131689479
Cote d'Ivoire,2027,67.81369849820715
Cote d'Ivoire,2028,67.94112884971572
Cote d'Ivoire,2029,68.00810906032432
Cote d'Ivoire,2030,68.04079496295341
Croatia,2020,30.122543656886116
Croatia,2021,29.70661276334769
Croatia,2022,29.3712865319667
Croatia,2023,29.11171122714367
Croatia,2024,28.916742403997358
Croatia,2025,28.77458251723364
Croatia,2026,28.674652968080697
Croatia,2027,28.607610351343165
Croatia,2028,28.565092410938345
Croatia,2029,28.539792045449605
Croatia,2030,28.525736640993607
Cuba,2020,24.230680056110863
Cuba,2021,24.68151083649895
Cuba,2022,25.024384838617294
Cuba,2023,25.260666381696716
Cuba,2024,25.406786390702333
Cuba,2025,25.48657065586506
Cuba,2026,25.52377149113107
Cuba,2027,25.537341914088813
Cuba,2028,25.539921670264295
Cuba,2029,25.538600144870472
Cuba,2030,25.536634935344107
Curacao,2020,3.3512312051815947
Curacao,2021,3.464954924314508
Curacao,2022,3.3722676328662393
Curacao,2023,3.097404847642375
Curacao,2024,2.7105294712534675
Curacao,2025,2.2960004854074247
Curacao,2026,1.9226923967683542
Curacao,2027,1.6287766723746608
Curacao,2028,1.4223070034079357
Curacao,2029,1.2913140688893157
Curacao,2030,1.2156549900258136
Cyprus,2020,10.135657396204435
Cyprus,2021,9.546813461925664
Cyprus,2022,8.912745314155561
Cyprus,2023,8.309160565383097
Cyprus,2024,7.791385657181229
Cyprus,2025,7.386854324776292
Cyprus,2026,7.097104213509509
Cyprus,2027,6.90600151344073
Cyprus,2028,6.789578216310249
Cyprus,2029,6.723910705133168
Cyprus,2030,6.689557167104047
Czechia,2020,13.035772901791198
Czechia,2021,12.438282638994355
Czechia,2022,11.880625551332104
Czechia,2023,11.394927127572565
Czechia,2024,10.999040837243303
Czechia,2025,10.69709338005312
Czechia,2026,10.481857945054992
Czechia,2027,10.338671714146194
Czechia,2028,10.249879193064826
Czechia,2029,10.198595944606916
Czechia,2030,10.17102295188902
Democratic Republic of Congo,2020,96.25498550096805
Democratic Republic of Congo,2021,95.90269220478226
Democratic Republic of Congo,2022,95.66077075270665
Democratic Republic of Congo,2023,95.58998977316165
Democratic Republic of Congo,2024,95.67597243271699
Democratic Republic of Congo,2025,95.85902077895797
Democratic Republic of Congo,2026,96.07136364301189
Democratic Republic of Congo,2027,96.26284289742722
Democratic Republic of Congo,2028,96.4092093548455
Democratic Republic of Congo,2029,96.50753862516552
Democratic Republic of Congo,2030,96.56670721102108
Denmark,2020,27.076102351420893
Denmark,2021,25.620932905501647
Denmark,2022,24.28199858563183
Denmark,2023,23.161282500565147
Denmark,2024,22.299057381970663
Denmark,2025,21.685653276234962
Denmark,2026,21.280619963238735
Denmark,2027,21.03179071720972
Denmark,2028,20.889334147362515
Denmark,2029,20.813245715646687
Denmark,2030,20.77530110161281
Djibouti,2020,28.20490144981633
Djibouti,2021,28.736375534139583
Djibouti,2022,29.30250759711952
Djibouti,2023,29.812488087828143
Djibouti,2024,30.21818709484243
Djibouti,2025,30.50916927930641
Djibouti,2026,30.699525695558453
Djibouti,2027,30.813919890245405
Djibouti,2028,30.87736743434688
Djibouti,2029,30.909951698302972
Djibouti,2030,30.925482359089006
Dominica,2020,8.975911065231692
Dominica,2021,9.043208322861574
Dominica,2022,9.206936812586964
Dominica,2023,9.413713455381936
Dominica,2024,9.619933978550224
Dominica,2025,9.797609176240545
Dominica,2026,9.934439763590854
Dominica,2027,10.030165403726754
Dominica,2028,10.09153403234032
Dominica,2029,10.127771718053776
Dominica,2030,10.147544701666648
Dominican Republic,2020,16.364876241498436
Dominican Republic,2021,16.591345072438617
Dominican Republic,2022,16.821902984149638
Dominican Republic,2023,17.030455447540643
Dominican Republic,2024,17.20135663779164
Dominican Republic,2025,17.329689235691646
Dominican Republic,2026,17.41863820175959
Dominican Republic,2027,17.47581563113774
Dominican Republic,2028,17.51001000332348
Dominican Republic,2029,17.52907423033203
Dominican Republic,2030,17.538995638710546
East Timor,2020,27.317362472279804
East Timor,2021,28.87216218375467
East Timor,2022,30.198631179514166
East Timor,2023,31.220998271920173
East Timor,2024,31.938248725536255
East Timor,2025,32.39816752705652
East Timor,2026,32.66835766801644
East Timor,2027,32.81398839811852
East Timor,2028,32.88606826610781
East Timor,2029,32.91884737142557
East Timor,2030,32.932548750761036
Ecuador,2020,16.95684210353888
Ecuador,2021,16.9608540402229
Ecuador,2022,16.80980322497714
Ecuador,2023,16.585925743018684
Ecuador,2024,16.356369582872478
Ecuador,2025,16.162040721288914
Ecuador,2026,16.018466807250412
Ecuador,2027,15.923542076661809
Ecuador,2028,15.86661150425693
Ecuador,2029,15.83538254312708
Ecuador,2030,15.819629348599388
Egypt,2020,5.248962954700426
Egypt,2021,5.409670475212773
Egypt,2022,5.606809248866828
Egypt,2023,5.806634779540969
Egypt,2024,5.982584071869056
Egypt,2025,6.120489494410243
Egypt,2026,6.21806358424906
Egypt,2027,6.28094653577196
Egypt,2028,6.31808486330768
Egypt,2029,6.338272731649335
Egypt,2030,6.348405562816086
El Salvador,2020,25.76133488203441
El Salvador,2021,26.68458366651454
El Salvador,2022,27.547027196237806
El Salvador,2023,28.27324998589993
El Salvador,2024,28.833946696054426
El Salvador,2025,29.23471406317391
El Salvador,2026,29.50142611470195
El Salvador,2027,29.66724678319003
El Salvador,2028,29.76373865101618
El Salvador,2029,29.81633878748573
El Salvador,2030,29.843207401410663
Equatorial Guinea,2020,5.597697382689672
Equatorial Guinea,2021,5.985457534606045
Equatorial Guinea,2022,6.280540224349371
Equatorial Guinea,2023,6.475440858558706
Equatorial Guinea,2024,6.5831081358071195
Equatorial Guinea,2025,6.627549428768477
Equatorial Guinea,2026,6.634241171089155
Equatorial Guinea,2027,6.623632199742037
Equatorial Guinea,2028,6.6087434155596565
Equatorial Guinea,2029,6.595922970986818
Equatorial Guinea,2030,6.5870472948005006
Eritrea,2020,78.09196475368496
Eritrea,2021,78.07102127142221
Eritrea,2022,78.05304268477781
Eritrea,2023,78.04257130578515
Eritrea,2024,78.03805029999371
Eritrea,2025,78.03668526502958
Eritrea,2026,78.0365194681921
Eritrea,2027,78.03663673895709
Eritrea,2028,78.03674476630933
Eritrea,2029,78.03680059911699
Eritrea,2030,78.03682279636304
Estonia,2020,27.502466128338547
Estonia,2021,26.884223647156617
Estonia,2022,26.12985340412932
Estonia,2023,25.36471225220243
Estonia,2024,24.685573270762625
Estonia,2025,24.144961545700696
Estonia,2026,23.753670871658514
Estonia,2027,23.49396219019884
Estonia,2028,23.33501501555726
Estonia,2029,23.24497678148064
Estonia,2030,23.197646798399457
Eswatini,2020,64.69531981202087
Eswatini,2021,64.46023038567101
Eswatini,2022,64.52123803031832
Eswatini,2023,64.77914877185975
Eswatini,2024,65.12347208459612
Eswatini,2025,65.46447594470271
Eswatini,2026,65.74836156009438
Eswatini,2027,65.95605846359807
Eswatini,2028,66.09247559624418
Eswatini,2029,66.1738844367665
Eswatini,2030,66.21835713083506
Ethiopia,2020,90.09041841684925
Ethiopia,2021,90.47823286166042
Ethiopia,2022,90.97889086380009
Ethiopia,2023,91.51949773086055
Ethiopia,2024,92.03270634580335
Ethiopia,2025,92.4700745018305
Ethiopia,2026,92.80831472975663
Ethiopia,2027,93.04723523438793
Ethiopia,2028,93.202062055883
Ethiopia,2029,93.29440667192372
Ethiopia,2030,93.34522754190742
Fiji,2020,32.63070149597297
Fiji,2021,33.19340155495139
Fiji,2022,33.80884312293588
Fiji,2023,34.399057943040475
Fiji,2024,34.90569991752902
Fiji,2025,35.29978585530817
Fiji,2026,35.57978850036959
Fiji,2027,35.762527970024145
Fiji,2028,35.87251748853467
Fiji,2029,35.933755848500525
Fiji,2030,35.96536722764681
Finland,2020,42.22507452759167
Finland,2021,40.98026969173053
Finland,2022,39.75849376958617
Finland,2023,38.683348985150474
Finland,2024,37.82036728793358
Finland,2025,37.182859858471325
Finland,2026,36.747242795204436
Finland,2027,36.471082262382325
Finland,2028,36.3083518056934
Finland,2029,36.21911154132813
Finland,2030,36.173528081862614
France,2020,14.136281668971064
France,2021,13.761575717130583
France,2022,13.30603318372427
France,2023,12.842969636252093
France,2024,12.429649871470652
France,2025,12.098187282103858
France,2026,11.856317324097136
France,2027,11.694481708455662
France,2028,11.594691444871707
France,2029,11.537791606410632
France,2030,11.507717233894525
Gabon,2020,87.91599423693647
Gabon,2021,87.90582111115786
Gabon,2022,87.45356879234413
Gabon,2023,86.75320083707226
Gabon,2024,85.99389466176939
Gabon,2025,85.31241728745162
Gabon,2026,84.77799232555805
Gabon,2027,84.40265748592597
Gabon,2028,84.16339550792178
Gabon,2029,84.02382532636844
Gabon,2030,83.94892289123865
Gambia,2020,50.17006218119327
Gambia,2021,51.21094797054023
Gambia,2022,52.31784165063748
Gambia,2023,53.32759543459767
Gambia,2024,54.14673338695038
Gambia,2025,54.74848050297068
Gambia,2026,55.153004569135845
Gambia,2027,55.40351213998309
Gambia,2028,55.54704872606615
Gambia,2029,55.62338043130614
Gambia,2030,55.661138038156295
Georgia,2020,30.13335041373147
Georgia,2021,31.476393029753144
Georgia,2022,32.837336469024706
Georgia,2023,34.05933911985049
Georgia,2024,35.05143486773412
Georgia,2025,35.78792924973383
Georgia,2026,36.29133387395822
Georgia,2027,36.609576854598934
Georgia,2028,36.79623053979589
Georgia,2029,36.898018596671875
Georgia,2030,36.94971025557479
Germany,2020,13.458925074283517
Germany,2021,12.817610469654351
Germany,2022,12.152072888545316
Germany,2023,11.529644181247075
Germany,2024,10.999925207734297
Germany,2025,10.587216658329318
Germany,2026,10.291633725164978
Germany,2027,10.096430389975021
Germany,2028,9.977277503870045
Germany,2029,9.90992384345779
Germany,2030,9.874610990451917
Ghana,2020,48.74702002208171
Ghana,2021,50.13079983360082
Ghana,2022,51.43482720521199
Ghana,2023,52.555808479877186
Ghana,2024,53.44190579492122
Ghana,2025,54.08907359805186
Ghana,2026,54.52714204634933
Ghana,2027,54.80254405375797
Ghana,2028,54.96358714473642
Ghana,2029,55.05127684056323
Ghana,2030,55.095776238918354
Greece,2020,14.45043796309274
Greece,2021,13.759123028212766
Greece,2022,13.153475974448545
Greece,2023,12.653584541099542
Greece,2024,12.263660208118756
Greece,2025,11.97654518665278
Greece,2026,11.777534462345104
Greece,2027,11.648084702515808
Greece,2028,11.569274535626844
Greece,2029,11.52445547413906
Greece,2030,11.500677922334516
Grenada,2020,10.624625878103759
Grenada,2021,10.528057091589234
Grenada,2022,10.474620085219051
Grenada,2023,10.462344540911296
Grenada,2024,10.480479038085448
Grenada,2025,10.514835086052408
Grenada,2026,10.552767892140146
Grenada,2027,10.58598661875873
Grenada,2028,10.610919748462953
Grenada,2029,10.62748330666698
Grenada,2030,10.637386446256558
Guatemala,2020,64.26391208853083
Guatemala,2021,64.40743119457785
Guatemala,2022,64.5475142890713
Guatemala,2023,64.65299741833587
Guatemala,2024,64.71731178746137
Guatemala,2025,64.74837956463115
Guatemala,2026,64.75863614968051
Guatemala,2027,64.75879325184789
Guatemala,2028,64.75564308909365
Guatemala,2029,64.75243952515468
Guatemala,2030,64.75020464623306
Guinea,2020,73.55348768412652
Guinea,2021,74.17938923716066
Guinea,2022,75.09553078419646
Guinea,2023,76.11421531124714
Guinea,2024,77.07101826272603
Guinea,2025,77.8617340206527
Guinea,2026,78.44857113656343
Guinea,2027,78.84437272083325
Guinea,2028,79.08882385949002
Guinea,2029,79.22778551232764
Guinea,2030,79.30075992815478
Guinea-Bissau,2020,87.08948660388927
Guinea-Bissau,2021,87.40665146357236
Guinea-Bissau,2022,87.72327375667093
Guinea-Bissau,2023,87.99642571342231
Guinea-Bissau,2024,88.20597924599357
Guinea-Bissau,2025,88.35134111496066
Guinea-Bissau,2026,88.4435465785014
Guinea-Bissau,2027,88.4974849492211
Guinea-Bissau,2028,88.5267859080033
Guinea-Bissau,2029,88.5416546989274
Guinea-Bissau,2030,88.54873871992494
Guyana,2020,23.065823376312256
Guyana,2021,23.939714324751662
Guyana,2022,24.8483756913443
Guyana,2023,25.679437117072993
Guyana,2024,26.365719711932094
Guyana,2025,26.884195797553428
Guyana,2026,27.245186849754553
Guyana,2027,27.477836695054926
Guyana,2028,27.617002944308965
Guyana,2029,27.69440700330641
Guyana,2030,27.73448605606062
Haiti,2020,77.04716376987895
Haiti,2021,77.64856808974969
Haiti,2022,78.19242559201308
Haiti,2023,78.6142720807454
Haiti,2024,78.89966918488386
Haiti,2025,79.06839677900678
Haiti,2026,79.15447023082639
Haiti,2027,79.19088424716948
Haiti,2028,79.20212006123103
Haiti,2029,79.20302049938125
Haiti,2030,79.20099017508726
Honduras,2020,49.082055909891125
Honduras,2021,48.91474222457361
Honduras,2022,49.02555992897716
Honduras,2023,49.32237597376207
Honduras,2024,49.69736685635024
Honduras,2025,50.06172227447379
Honduras,2026,50.362362157284714
Honduras,2027,50.58126108246449
Honduras,2028,50.7246309241095
Honduras,2029,50.81004310009001
Honduras,2030,50.85665555131713
Hong Kong,2020,0.1403885526046035
Hong Kong,2021,0.1455444342098353
Hong Kong,2022,0.1502831178307213
Hong Kong,2023,0.15383756361304776
Hong Kong,2024,0.1561469911024246
Hong Kong,2025,0.15748192537570038
Hong Kong,2026,0.15817846185291776
Hong Kong,2027,0.1585094470466583
Hong Kong,2028,0.15865352660490145
Hong Kong,2029,0.15871121793565293
Hong Kong,2030,0.15873253066062382
Hungary,2020,12.259086711096247
Hungary,2021,11.684403944667693
Hungary,2022,11.227687004563817
Hungary,2023,10.888710423590233
Hungary,2024,10.654431360528738
Hungary,2025,10.50411378436863
Hungary,2026,10.414840366480648
Hungary,2027,10.365906507971934
Hungary,2028,10.34122941601471
Hungary,2029,10.329825234301293
Hungary,2030,10.325022148651783
Iceland,2020,80.32693423472466
Iceland,2021,79.17887412818656
Iceland,2022,77.66061646991126
Iceland,2023,76.07139309455486
Iceland,2024,74.64858824448501
Iceland,2025,73.52218738075096
Iceland,2026,72.71951226267315
Iceland,2027,72.19910216756415
Iceland,2028,71.8899545283264
Iceland,2029,71.72086324668766
Iceland,2030,71.63540645411433
India,2020,33.98329047493305
India,2021,34.90125451742509
India,2022,35.90303545064328
India,2023,36.85333738755499
India,2024,37.657361952346164
India,2025,38.27304964122476
India,2026,38.703708691625415
India,2027,38.980571758498776
India,2028,39.14486725175211
India,2029,39.23514165321521
India,2030,39.28117556898214
Indonesia,2020,30.892288445545187
Indonesia,2021,32.057536775327115
Indonesia,2022,33.15119939742523
Indonesia,2023,34.09679185122064
Indonesia,2024,34.853125302466836
Indonesia,2025,35.414007704690334
Indonesia,2026,35.80016750705518
Indonesia,2027,36.04723653553463
Indonesia,2028,36.1942511275697
Indonesia,2029,36.27566126308329
Indonesia,2030,36.31763929760531
Iran,2020,0.8824480124361269
Iran,2021,0.8871338792846198
Iran,2022,0.8907631641671641
Iran,2023,0.8896119161572557
Iran,2024,0.8837134076652499
Iran,2025,0.8751893333590739
Iran,2026,0.8664460655970698
Iran,2027,0.8591104098638963
Iran,2028,0.853799114321726
Iran,2029,0.8503901310557608
Iran,2030,0.8484199785516767
Iraq,2020,0.42525023632535097
Iraq,2021,0.4682533471892213
Iraq,2022,0.5489490337092445
Iraq,2023,0.643095533235311
Iraq,2024,0.7315507395592673
Iraq,2025,0.8034309002818103
Iraq,2026,0.8555242780707557
Iraq,2027,0.8897410058950216
Iraq,2028,0.9103039324504166
Iraq,2029,0.921677738751698
Iraq,2030,0.9274907489369743
Ireland,2020,7.656080395885288
Ireland,2021,7.135183133197598
Ireland,2022,6.6344627325301495
Ireland,2023,6.1977229509963205
Ireland,2024,5.84813386889068
Ireland,2025,5.589711978664442
Ireland,2026,5.412645350866341
Ireland,2027,5.299936649356461
Ireland,2028,5.2331927545431665
Ireland,2029,5.196387568528013
Ireland,2030,5.177475696375479
Israel,2020,4.659585565132575
Israel,2021,4.929693531053222
Israel,2022,5.149976061224386
Israel,2023,5.326090696007102
Israel,2024,5.4655093042163605
Israel,2025,5.573656133909632
Israel,2026,5.654308825983441
Israel,2027,5.71114634724925
Israel,2028,5.748558168877911
Israel,2029,5.771411536262271
Israel,2030,5.784329846237656
Italy,2020,14.544289914653291
Italy,2021,13.793086296957231
Italy,2022,13.087458240311417
Italy,2023,12.478246616625556
Italy,2024,11.991681289501798
Italy,2025,11.6309433112573
Italy,2026,11.382215755777692
Italy,2027,11.222565206849586
Italy,2028,11.127116135920073
Italy,2029,11.073945324816828
Italy,2030,11.046340903767446
Jamaica,2020,8.786197952004816
Jamaica,2021,8.4768426428967
Jamaica,2022,8.332386407943648
Jamaica,2023,8.317290544877409
Jamaica,2024,8.382602890570714
Jamaica,2025,8.48195288923098
Jamaica,2026,8.581622176900133
Jamaica,2027,8.663328013713885
Jamaica,2028,8.721564460946581
Jamaica,2029,8.758638862454093
Jamaica,2030,8.780021990606626
Japan,2020,7.043288925310431
Japan,2021,6.7790978352087
Japan,2022,6.442221381871492
Japan,2023,6.09469229602774
Japan,2024,5.783267264324049
Japan,2025,5.533508496439545
Japan,2026,5.351471826865492
Japan,2027,5.229821921993736
Japan,2028,5.154873713105711
Japan,2029,5.112151095557781
Japan,2030,5.089564583647927
Jordan,2020,6.244543168408704
Jordan,2021,6.016067802343144
Jordan,2022,5.605633307624153
Jordan,2023,5.118393172248723
Jordan,2024,4.6462765655503215
Jordan,2025,4.248784227161541
Jordan,2026,3.9498538619385073
Jordan,2027,3.7460569636554726
Jordan,2028,3.6189765599122365
Jordan,2029,3.54607677917923
Jordan,2030,3.507452246570251
Kazakhstan,2020,1.88664610446115
Kazakhstan,2021,1.8018560435127065
Kazakhstan,2022,1.735684215024502
Kazakhstan,2023,1.7043368111277228
Kazakhstan,2024,1.7073999194144993
Kazakhstan,2025,1.7337810184369635
Kazakhstan,2026,1.7696101890416904
Kazakhstan,2027,1.8039888831476945
Kazakhstan,2028,1.8311369546988299
Kazakhstan,2029,1.8497301565959325
Kazakhstan,2030,1.8610541965887382
Kenya,2020,73.55845987171979
Kenya,2021,74.42685097564053
Kenya,2022,75.24536967343008
Kenya,2023,75.90696861605696
Kenya,2024,76.3753314489558
Kenya,2025,76.66769875752422
Kenya,2026,76.82803067119602
Kenya,2027,76.90393886677339
Kenya,2028,76.93352313676769
Kenya,2029,76.94162045205886
Kenya,2030,76.94175260409821
Kiribati,2020,41.42286250492576
Kiribati,2021,41.89370855061591
Kiribati,2022,42.65249818565258
Kiribati,2023,43.52625417166712
Kiribati,2024,44.364736493722205
Kiribati,2025,45.06993516328888
Kiribati,2026,45.601853329453604
Kiribati,2027,45.96622911717828
Kiribati,2028,46.19466058090576
Kiribati,2029,46.32638411706254
Kiribati,2030,46.39649905998335
Kosovo,2020,22.598801801217004
Kosovo,2021,22.615309891843854
Kosovo,2022,22.620703899451062
Kosovo,2023,22.622218267917813
Kosovo,2024,22.622583746680267
Kosovo,2025,22.622659432493634
Kosovo,2026,22.622672815951855
Kosovo,2027,22.622674816824606
Kosovo,2028,22.62267506474479
Kosovo,2029,22.622675089084126
Kosovo,2030,22.622675090738184
Kuwait,2020,0.015
Kuwait,2021,0.015
Kuwait,2022,0.015
Kuwait,2023,0.015
Kuwait,2024,0.015
Kuwait,2025,0.015
Kuwait,2026,0.015
Kuwait,2027,0.015
Kuwait,2028,0.015
Kuwait,2029,0.015
Kuwait,2030,0.015
Kyrgyzstan,2020,24.245444078724876
Kyrgyzstan,2021,24.892716544909206
Kyrgyzstan,2022,25.531101737811575
Kyrgyzstan,2023,26.091951006187962
Kyrgyzstan,2024,26.539949353937036
Kyrgyzstan,2025,26.869139045799812
Kyrgyzstan,2026,27.093240969240128
Kyrgyzstan,2027,27.235212620661247
Kyrgyzstan,2028,27.319139816181185
Kyrgyzstan,2029,27.36551086680102
Kyrgyzstan,2030,27.389477295873693
Laos,2020,54.29451124607246
Laos,2021,56.47682527334162
Laos,2022,58.681722605040754
Laos,2023,60.6522989422183
Laos,2024,62.24346630197581
Laos,2025,63.417814879405086
Laos,2026,64.21561468089152
Laos,2027,64.71678877933407
Laos,2028,65.00881883481918
Laos,2029,65.16700069519896
Laos,2030,65.24677394326669
Latvia,2020,40.08766528589013
Latvia,2021,39.598520701970564
Latvia,2022,39.10766180963671
Latvia,2023,38.65592597107842
Latvia,2024,38.27303793432208
Latvia,2025,37.97375255344291
Latvia,2026,37.757856183434306
Latvia,2027,37.61400605691529
Latvia,2028,37.52538947744147
Latvia,2029,37.4748605703407
Latvia,2030,37.44816280756454
Lebanon,2020,4.850813333268913
Lebanon,2021,5.135400626437056
Lebanon,2022,5.33312002273457
Lebanon,2023,5.434093005527776
Lebanon,2024,5.456215907743723
Lebanon,2025,5.429635598148848
Lebanon,2026,5.3830649926345835
Lebanon,2027,5.336344339446498
Lebanon,2028,5.299237007520958
Lebanon,2029,5.2739591133552075
Lebanon,2030,5.258694908377207
Lesotho,2020,41.641675843990214
Lesotho,2021,42.840388896461434
Lesotho,2022,44.221987057205695
Lesotho,2023,45.608731449589335
Lesotho,2024,46.85056646206783
Lesotho,2025,47.85565664602504
Lesotho,2026,48.59683006534494
Lesotho,2027,49.09756573883939
Lesotho,2028,49.40875257352495
Lesotho,2029,49.58718990790648
Lesotho,2030,49.681821686835995
Liberia,2020,88.11754000475423
Liberia,2021,88.87617003273083
Liberia,2022,89.30838773369145
Liberia,2023,89.44283002679292
Liberia,2024,89.36368878956937
Liberia,2025,89.17154571844958
Liberia,2026,88.95146014775759
Liberia,2027,88.75730207332829
Liberia,2028,88.61175520978423
Liberia,2029,88.51548413537053
Liberia,2030,88.45823576478999
Libya,2020,2.8519395501797677
Libya,2021,2.7959064621847647
Libya,2022,2.722456427295038
Libya,2023,2.649904436358891
Libya,2024,2.5900325005504543
Libya,2025,2.5470602663784443
Libya,2026,2.5196885071080124
Libya,2027,2.5040369260632973
Libya,2028,2.4959464912532083
Libya,2029,2.492150208189748
Libya,2030,2.490529588438525
Lithuania,2020,28.787991624674845
Lithuania,2021,27.60818155737943
Lithuania,2022,26.384059481432445
Lithuania,2023,25.262727003132753
Lithuania,2024,24.33660970213874
Lithuania,2025,23.638966030805594
Lithuania,2026,23.156233043362352
Lithuania,2027,22.847979904238617
Lithuania,2028,22.665742683824778
Lithuania,2029,22.56576452185281
Lithuania,2030,22.514777512687676
Luxembourg,2020,11.304288522811701
Luxembourg,2021,10.471952386550115
Luxembourg,2022,9.532644191689382
Luxembourg,2023,8.642793477411212
Luxembourg,2024,7.899277466688021
Luxembourg,2025,7.33870570607102
Luxembourg,2026,6.952583072322976
Luxembourg,2027,6.707785610311686
Luxembourg,2028,6.564253283359884
Luxembourg,2029,6.486172462342714
Luxembourg,2030,6.446676364766113
Macao,2020,4.0499615432888865
Macao,2021,3.847758429225018
Macao,2022,3.6888728426078394
Macao,2023,3.5706574752802718
Macao,2024,3.4871465690325008
Macao,2025,3.4310817356534526
Macao,2026,3.395328881116078
Macao,2027,3.3737028420417463
Macao,2028,3.361320120965206
Macao,2029,3.3546234495692633
Macao,2030,3.3512103159596727
Madagascar,2020,85.38959840100824
Madagascar,2021,85.84449451389605
Madagascar,2022,85.92103357710131
Madagascar,2023,85.72910305380682
Madagascar,2024,85.40170859446197
Madagascar,2025,85.05084581872524
Madagascar,2026,84.74682954604424
Madagascar,2027,84.5185595393113
Madagascar,2028,84.36558600616551
Madagascar,2029,84.27266864112507
Madagascar,2030,84.22104692672637
Malawi,2020,77.4374198594019
Malawi,2021,77.7418373119065
Malawi,2022,78.2123796023211
Malawi,2023,78.74769406502597
Malawi,2024,79.25779476614352
Malawi,2025,79.68410573907501
Malawi,2026,80.00357185395828
Malawi,2027,80.220929253064
Malawi,2028,80.35625038565485
Malawi,2029,80.43374470991262
Malawi,2030,80.474716723559
Malaysia,2020,5.516537325416103
Malaysia,2021,5.375145384981298
Malaysia,2022,5.133098544544334
Malaysia,2023,4.855364773857752
Malaysia,2024,4.594418594728998
Malaysia,2025,4.381352541026126
Malaysia,2026,4.226152431717831
Malaysia,2027,4.123874097468846
Malaysia,2028,4.062372163829205
Malaysia,2029,4.02843713157246
Malaysia,2030,4.011187783280442
Maldives,2020,1.238094376933423
Maldives,2021,1.2820381190208423
Maldives,2022,1.342993067479994
Maldives,2023,1.4109820047566037
Maldives,2024,1.476107198199389
Maldives,2025,1.5313129626209672
Maldives,2026,1.5734191193431297
Maldives,2027,1.602612238586564
Maldives,2028,1.6211367209888743
Maldives,2029,1.6319463771045688
Maldives,2030,1.6377671689402529
Mali,2020,76.34020372455515
Mali,2021,76.70972561177764
Mali,2022,77.29559110199042
Mali,2023,77.94968920687906
Mali,2024,78.55399099940514
Mali,2025,79.04127871312538
Mali,2026,79.39283540021582
Mali,2027,79.62289734246478
Mali,2028,79.76062372230102
Mali,2029,79.83647492831358
Mali,2030,79.87505817657672
Malta,2020,5.528993134168372
Malta,2021,4.914150762279678
Malta,2022,4.285067658811062
Malta,2023,3.718610929648717
Malta,2024,3.2589969085557557
Malta,2025,2.918690647233012
Malta,2026,2.687016400637621
Malta,2027,2.541291362771311
Malta,2028,2.4563187316006023
Malta,2029,2.410279489983026
Malta,2030,2.3870619214893103
Marshall Islands,2020,12.411645430759707
Marshall Islands,2021,12.846336500261625
Marshall Islands,2022,13.321172074315617
Marshall Islands,2023,13.78610538347632
Marshall Islands,2024,14.198593303856857
Marshall Islands,2025,14.532565831523254
Marshall Islands,2026,14.780564974352709
Marshall Islands,2027,14.950072949306124
Marshall Islands,2028,15.057001360809336
Marshall Islands,2029,15.119381900594181
Marshall Islands,2030,15.153091739452199
Mauritania,2020,30.361598683136627
Mauritania,2021,31.187148254447422
Mauritania,2022,32.06505502447476
Mauritania,2023,32.88801206700665
Mauritania,2024,33.582903807911386
Mauritania,2025,34.11768792704282
Mauritania,2026,34.49547878311386
Mauritania,2027,34.74159755816366
Mauritania,2028,34.88992964140055
Mauritania,2029,34.9728202107037
Mauritania,2030,35.015841099284806
Mauritius,2020,11.181113859045128
Mauritius,2021,11.76069224982147
Mauritius,2022,12.377542209138134
Mauritius,2023,12.957860973597054
Mauritius,2024,13.449512035720554
Mauritius,2025,13.828707221581901
Mauritius,2026,14.09680411491622
Mauritius,2027,14.271381265783173
Mauritius,2028,14.376432896133423
Mauritius,2029,14.43499378225085
Mauritius,2030,14.46529157466799
Mexico,2020,10.372441179822069
Mexico,2021,10.478455772348857
Mexico,2022,10.527063043267782
Mexico,2023,10.531386956991641
Mexico,2024,10.509106129773741
Mexico,2025,10.47647141279059
Mexico,2026,10.444770969565068
Mexico,2027,10.419652182905834
Mexico,2028,10.402393680154118
Mexico,2029,10.391832136148423
Mexico,2030,10.385992196511152
Micronesia (country),2020,1.8744255594735908
Micronesia (country),2021,1.9334778322038952
Micronesia (country),2022,1.938692104517518
Micronesia (country),2023,1.8965922050537396
Micronesia (country),2024,1.8245381085216543
Micronesia (country),2025,1.7425906131523439
Micronesia (country),2026,1.6668406227191164
Micronesia (country),2027,1.6063258066172017
Micronesia (country),2028,1.5633769881422395
Micronesia (country),2029,1.5358873744261812
Micronesia (country),2030,1.5198734727957979
Moldova,2020,21.692145583534597
Moldova,2021,20.29666884441896
Moldova,2022,18.88444926209958
Moldova,2023,17.580375836022714
Moldova,2024,16.479599753978473
Moldova,2025,15.62799358747876
Moldova,2026,15.022430984009736
Moldova,2027,14.625575286686916
Moldova,2028,14.38530390600132
Moldova,2029,14.250636253018095
Moldova,2030,14.180640364284578
Mongolia,2020,3.3628940169688564
Mongolia,2021,3.4033697909813476
Mongolia,2022,3.4924339447393473
Mongolia,2023,3.6209070733426287
Mongolia,2024,3.7660323112142677
Mongolia,2025,3.9036358101098347
Mongolia,2026,4.017073584325202
Mongolia,2027,4.100070758551055
Mongolia,2028,4.154679598391078
Mongolia,2029,4.187282027071913
Mongolia,2030,4.2050566523886275
Montenegro,2020,41.108054352116014
Montenegro,2021,41.87416310710286
Montenegro,2022,42.64731966290428
Montenegro,2023,43.25631826720652
Montenegro,2024,43.65398120637241
Montenegro,2025,43.874914171598725
Montenegro,2026,43.980769441299245
Montenegro,2027,44.02485247993811
Montenegro,2028,44.04088753366334
Montenegro,2029,44.0459987808225
Montenegro,2030,44.04742973810454
Morocco,2020,11.418190730334825
Morocco,2021,11.767838353604267
Morocco,2022,12.156554733982267
Morocco,2023,12.53416567953413
Morocco,2024,12.86136202679992
Morocco,2025,13.117463677505075
Morocco,2026,13.300067500924046
Morocco,2027,13.41937501987106
Morocco,2028,13.49111485026617
Morocco,2029,13.530943543899266
Morocco,2030,13.551410730341264
Mozambique,2020,82.11526639686801
Mozambique,2021,83.75368525250065
Mozambique,2022,85.20745009272544
Mozambique,2023,86.32103569682604
Mozambique,2024,87.06531907104089
Mozambique,2025,87.49755740882729
Mozambique,2026,87.7105759436504
Mozambique,2027,87.79352718408445
Mozambique,2028,87.81233414944059
Mozambique,2029,87.80669636066705
Mozambique,2030,87.79600375720527
Myanmar,2020,70.10173568151097
Myanmar,2021,71.42713570867433
Myanmar,2022,72.75346285943604
Myanmar,2023,73.9311958107738
Myanmar,2024,74.88045422795152
Myanmar,2025,75.58290825145276
Myanmar,2026,76.06316981403975
Myanmar,2027,76.36765376252607
Myanmar,2028,76.54706989496961
Myanmar,2029,76.64547123637266
Myanmar,2030,76.69575259693482
Namibia,2020,31.52245500359897
Namibia,2021,31.967719763120243
Namibia,2022,32.28461337973014
Namibia,2023,32.46798116423325
Namibia,2024,32.542894534590246
Namibia,2025,32.54744416872376
Namibia,2026,32.51763639411576
Namibia,2027,32.47907448195708
Namibia,2028,32.445500119239064
Namibia,2029,32.42154353648929
Namibia,2030,32.40667676643162
Nauru,2020,0.9406835853465549
Nauru,2021,0.9337319350376887
Nauru,2022,0.8602887933534868
Nauru,2023,0.7490091153994245
Nauru,2024,0.6289834019883913
Nauru,2025,0.5216837538808612
Nauru,2026,0.4380268705755957
Nauru,2027,0.37977708925403464
Nauru,2028,0.34307443494188944
Nauru,2029,0.321975905413981
Nauru,2030,0.3108503854777141
Nepal,2020,77.022444547035
Nepal,2021,78.05771813727553
Nepal,2022,79.41144544730825
Nepal,2023,80.82277912550182
Nepal,2024,82.08982440588362
Nepal,2025,83.10126923048806
Nepal,2026,83.83127400878247
Nepal,2027,84.31237550418031
Nepal,2028,84.60374471125675
Nepal,2029,84.76661354253069
Nepal,2030,84.8509017439825
Netherlands,2020,6.255780198996415
Netherlands,2021,5.982407036490217
Netherlands,2022,5.635042608688929
Netherlands,2023,5.268758985197165
Netherlands,2024,4.930782003865447
Netherlands,2025,4.651355219454471
Netherlands,2026,4.4417197116307054
Netherlands,2027,4.297907703535638
Netherlands,2028,4.207244162870497
Netherlands,2029,4.15453409663957
Netherlands,2030,4.126201439047535
New Zealand,2020,30.245119985016032
New Zealand,2021,30.10901328166312
New Zealand,2022,30.026395313857524
New Zealand,2023,29.992368801176607
New Zealand,2024,29.993057630555107
New Zealand,2025,30.01228046641831
New Zealand,2026,30.036822899292332
New Zealand,2027,30.058698246404028
New Zealand,2028,30.07476127924382
New Zealand,2029,30.085013425866837
New Zealand,2030,30.090842834521993
Nicaragua,2020,51.865789042306055
Nicaragua,2021,52.55899934738252
Nicaragua,2022,53.13175417465226
Nicaragua,2023,53.539409421208
Nicaragua,2024,53.78765121155886
Nicaragua,2025,53.91228100642569
Nicaragua,2026,53.957664184665525
Nicaragua,2027,53.961812825240095
Nicaragua,2028,53.95025819890779
Nicaragua,2029,53.93658103145143
Nicaragua,2030,53.92603299664535
Niger,2020,83.20349052349994
Niger,2021,83.44031157529409
Niger,2022,83.56476436989439
Niger,2023,83.63876246760489
Niger,2024,83.69790557612349
Niger,2025,83.754711330197
Niger,2026,83.80843173337504
Niger,2027,83.85438775514419
Niger,2028,83.88939118239097
Niger,2029,83.91322701307868
Niger,2030,83.92784959917842
Nigeria,2020,83.03709518916412
Nigeria,2021,83.29352714583014
Nigeria,2022,83.54687838958407
Nigeria,2023,83.79712796770342
Nigeria,2024,84.03370275781946
Nigeria,2025,84.24167342269897
Nigeria,2026,84.40948079347793
Nigeria,2027,84.53328540343237
Nigeria,2028,84.61683777400181
Nigeria,2029,84.66852171867478
Nigeria,2030,84.69789746793009
North Macedonia,2020,19.81690727258984
North Macedonia,2021,19.460065203377958
North Macedonia,2022,19.214579265207046
North Macedonia,2023,19.06436478237218
North Macedonia,2024,18.98170110373623
North Macedonia,2025,18.940091837414748
North Macedonia,2026,18.92026866218989
North Macedonia,2027,18.910763531438267
North Macedonia,2028,18.905835957549304
North Macedonia,2029,18.90301218569761
North Macedonia,2030,18.901312094548125
Norway,2020,61.08910380607024
Norway,2021,60.96177693131023
Norway,2022,60.68414342806935
Norway,2023,60.339718258985755
Norway,2024,60.00071870907562
Norway,2025,59.713877948208925
Norway,2026,59.49831065103507
Norway,2027,59.351997194382236
Norway,2028,59.2614211095499
Norway,2029,59.20995513427038
Norway,2030,59.18299680579022
Oman,2020,0.0
Oman,2021,0.0
Oman,2022,0.0
Oman,2023,0.0
Oman,2024,0.0
Oman,2025,0.0
Oman,2026,0.0
Oman,2027,0.0
Oman,2028,0.0
Oman,2029,0.0
Oman,2030,0.0
Pakistan,2020,43.3980493607244
Pakistan,2021,43.88426281175656
Pakistan,2022,44.528519445339995
Pakistan,2023,45.194918698747
Pakistan,2024,45.78368341969026
Pakistan,2025,46.24418746831415
Pakistan,2026,46.5689099730986
Pakistan,2027,46.77755211120652
Pakistan,2028,46.90054155460237
Pakistan,2029,46.967366442924444
Pakistan,2030,47.00094541990538
Palau,2020,0.26824416474538726
Palau,2021,0.2768204277435154
Palau,2022,0.26851855777360484
Palau,2023,0.24825880190898353
Palau,2024,0.2223659043712194
Palau,2025,0.196515392200795
Palau,2026,0.1744784922732653
Palau,2027,0.15786248638191616
Palau,2028,0.14658217652946604
Palau,2029,0.13961560120890315
Palau,2030,0.13567576043845536
Palestine,2020,13.956345086691083
Palestine,2021,14.513105310537222
Palestine,2022,14.955712167978897
Palestine,2023,15.281841471033221
Palestine,2024,15.505329893811151
Palestine,2025,15.648031338657885
Palestine,2026,15.733008850721573
Palestine,2027,15.780213316236782
Palestine,2028,15.804667142248151
Palestine,2029,15.816473026702358
Palestine,2030,15.821779223800364
Panama,2020,24.857479796711843
Panama,2021,24.942953212612238
Panama,2022,24.89521330634296
Panama,2023,24.770657664023762
Panama,2024,24.620264515327563
Panama,2025,24.4798414975452
Panama,2026,24.36781376678233
Panama,2027,24.28852454988855
Panama,2028,24.237816994196635
Panama,2029,24.208209341049297
Panama,2030,24.19232364877808
Papua New Guinea,2020,54.19341402949862
Papua New Guinea,2021,54.672965942711436
Papua New Guinea,2022,55.31295750616793
Papua New Guinea,2023,55.996724735012656
Papua New Guinea,2024,56.62530037410814
Papua New Guinea,2025,57.138455017393404
Papua New Guinea,2026,57.51686008996164
Papua New Guinea,2027,57.77150649909219
Papua New Guinea,2028,57.92893477857645
Papua New Guinea,2029,58.01875282635141
Papua New Guinea,2030,58.066195376918365
Paraguay,2020,60.54782603002002
Paraguay,2021,61.15150250847352
Paraguay,2022,61.85893143100587
Paraguay,2023,62.56374188600637
Paraguay,2024,63.184411736273645
Paraguay,2025,63.676867371095376
Paraguay,2026,64.03278683092914
Paraguay,2027,64.26873105371706
Paraguay,2028,64.41285971736914
Paraguay,2029,64.49425304871993
Paraguay,2030,64.53684769138685
Peru,2020,29.415818770452148
Peru,2021,30.263332394112588
Peru,2022,31.065836735988633
Peru,2023,31.753840526945666
Peru,2024,32.29394570744647
Peru,2025,32.68487866154951
Peru,2026,32.94694348618991
Peru,2027,33.11014154700474
Peru,2028,33.20475099780809
Peru,2029,33.255884886679
Peru,2030,33.281677195313506
Philippines,2020,27.502130939306653
Philippines,2021,27.991316043238363
Philippines,2022,28.66246598085526
Philippines,2023,29.370687819559116
Philippines,2024,30.00748921652204
Philippines,2025,30.514649614748993
Philippines,2026,30.879297589809514
Philippines,2027,31.118581547725437
Philippines,2028,31.26286815667911
Philippines,2029,31.34318211066974
Philippines,2030,31.38458155880495
Poland,2020,10.423187025573801
Poland,2021,10.154645092510162
Poland,2022,9.895597919708178
Poland,2023,9.655911333911599
Poland,2024,9.446524795292438
Poland,2025,9.275697786416677
Poland,2026,9.146342557962233
Poland,2027,9.055691479818968
Poland,2028,8.996954358997568
Poland,2029,8.961761904721772
Poland,2030,8.942251986102539
Portugal,2020,26.42143695125033
Portugal,2021,25.99499825165704
Portugal,2022,25.62116196289513
Portugal,2023,25.308402134973996
Portugal,2024,25.059839366316798
Portugal,2025,24.87324217668015
Portugal,2026,24.74158733975505
Portugal,2027,24.6546151987542
Portugal,2028,24.600959613152195
Portugal,2029,24.570095801354885
Portugal,2030,24.553557081518875
Puerto Rico,2020,1.3382020702029505
Puerto Rico,2021,1.205808401490427
Puerto Rico,2022,1.1037971905240729
Puerto Rico,2023,1.0355628768388399
Puerto Rico,2024,0.996488294754403
Puerto Rico,2025,0.9782579601272058
Puerto Rico,2026,0.9724731688142546
Puerto Rico,2027,0.9726827351082028
Puerto Rico,2028,0.9748961894015348
Puerto Rico,2029,0.9771575474221945
Puerto Rico,2030,0.9788017311099374
Qatar,2020,0.09
Qatar,2021,0.09
Qatar,2022,0.09
Qatar,2023,0.09
Qatar,2024,0.09
Qatar,2025,0.09
Qatar,2026,0.09
Qatar,2027,0.09
Qatar,2028,0.09
Qatar,2029,0.09
Qatar,2030,0.09
Romania,2020,22.021625261453302
Romania,2021,21.493011926612596
Romania,2022,21.046941190119146
Romania,2023,20.70741368229698
Romania,2024,20.472084007206597
Romania,2025,20.322641877222463
Romania,2026,20.235333016776494
Romania,2027,20.18827188624447
Romania,2028,20.164823052480507
Romania,2029,20.154009281442423
Romania,2030,20.14939040019734
Russia,2020,3.204333506429344
Russia,2021,3.244363946679121
Russia,2022,3.2899622727564743
Russia,2023,3.331176104490564
Russia,2024,3.362723002298494
Russia,2025,3.3837580350629493
Russia,2026,3.3961452715953944
Russia,2027,3.402626204849373
Russia,2028,3.405638983378285
Russia,2029,3.4068753102361837
Russia,2030,3.407315422529626
Rwanda,2020,85.631581512398
Rwanda,2021,85.88777321973379
Rwanda,2022,86.22208799035427
Rwanda,2023,86.57263513919801
Rwanda,2024,86.89152304074753
Rwanda,2025,87.15111460213754
Rwanda,2026,87.34319203751015
Rwanda,2027,87.47352361506601
Rwanda,2028,87.55506490524115
Rwanda,2029,87.60226994361153
Rwanda,2030,87.62761562550195
Saint Kitts and Nevis,2020,4.06047444792798
Saint Kitts and Nevis,2021,5.1023451908815165
Saint Kitts and Nevis,2022,6.145478542347577
Saint Kitts and Nevis,2023,7.083490709047654
Saint Kitts and Nevis,2024,7.849659455361566
Saint Kitts and Nevis,2025,8.422514803824688
Saint Kitts and Nevis,2026,8.81672489786782
Saint Kitts and Nevis,2027,9.067373804111341
Saint Kitts and Nevis,2028,9.215045858246757
Saint Kitts and Nevis,2029,9.295833854353978
Saint Kitts and Nevis,2030,9.33693995411736
Saint Lucia,2020,11.981052399615363
Saint Lucia,2021,12.59464705595283
Saint Lucia,2022,13.271390166247661
Saint Lucia,2023,13.927822492039063
Saint Lucia,2024,14.498484338692903
Saint Lucia,2025,14.948203913482182
Saint Lucia,2026,15.271911731204812
Saint Lucia,2027,15.485860621771948
Saint Lucia,2028,15.616204381610636
Saint Lucia,2029,15.689614455709354
Saint Lucia,2030,15.727921288623163
Saint Vincent and the Grenadines,2020,5.3844924737994395
Saint Vincent and the Grenadines,2021,5.575272651305337
Saint Vincent and the Grenadines,2022,5.680923537621482
Saint Vincent and the Grenadines,2023,5.713333767613992
Saint Vincent and the Grenadines,2024,5.697350043518664
Saint Vincent and the Grenadines,2025,5.658732978635774
Saint Vincent and the Grenadines,2026,5.616646662490342
Saint Vincent and the Grenadines,2027,5.581530009270631
Saint Vincent and the Grenadines,2028,5.556671229827238
Saint Vincent and the Grenadines,2029,5.541145525593794
Saint Vincent and the Grenadines,2030,5.532422374173276
Samoa,2020,38.22878836137294
Samoa,2021,39.34574518251227
Samoa,2022,40.48752367777982
Samoa,2023,41.517402802173564
Samoa,2024,42.35416780326738
Samoa,2025,42.97377382257263
Samoa,2026,43.394994942235854
Samoa,2027,43.65919011472482
Samoa,2028,43.81260303550858
Samoa,2029,43.895285241482426
Samoa,2030,43.93672203933763
Sao Tome and Principe,2020,41.336543364708625
Sao Tome and Principe,2021,42.26065655748087
Sao Tome and Principe,2022,43.16991031228652
Sao Tome and Principe,2023,43.991119548324264
Sao Tome and Principe,2024,44.674235854786886
Sao Tome and Principe,2025,45.19856094309221
Sao Tome and Principe,2026,45.57041347144386
Sao Tome and Principe,2027,45.81439168810941
Sao Tome and Principe,2028,45.962665140991554
Sao Tome and Principe,2029,46.04622582294294
Sao Tome and Principe,2030,46.08994028664588
Saudi Arabia,2020,0.015
Saudi Arabia,2021,0.015
Saudi Arabia,2022,0.015
Saudi Arabia,2023,0.015
Saudi Arabia,2024,0.015
Saudi Arabia,2025,0.015
Saudi Arabia,2026,0.015
Saudi Arabia,2027,0.015
Saudi Arabia,2028,0.015
Saudi Arabia,2029,0.015
Saudi Arabia,2030,0.015
Senegal,2020,38.966426003858224
Senegal,2021,39.96149230723282
Senegal,2022,40.93673599712132
Senegal,2023,41.777846725480345
Senegal,2024,42.43504644342543
Senegal,2025,42.90725031972223
Senegal,2026,43.22187175115831
Senegal,2027,43.41720643375982
Senegal,2028,43.53052574897331
Senegal,2029,43.59204407822155
Senegal,2030,43.623317482566996
Serbia,2020,20.654203505467855
Serbia,2021,20.49514583356721
Serbia,2022,20.347689538441035
Serbia,2023,20.216318656729385
Serbia,2024,20.10293556002294
Serbia,2025,20.00893378208705
Serbia,2026,19.935109406102946
Serbia,2027,19.8808536789299
Serbia,2028,19.84383835724856
Serbia,2029,19.820496307882156
Serbia,2030,19.806914401603173
Seychelles,2020,1.056409971322965
Seychelles,2021,1.0424088472477255
Seychelles,2022,1.0544238506842123
Seychelles,2023,1.0808558113117268
Seychelles,2024,1.1107651888703083
Seychelles,2025,1.1369664568632005
Seychelles,2026,1.1564473763893237
Seychelles,2027,1.1692045219144505
Seychelles,2028,1.176703766007879
Seychelles,2029,1.180705767423042
Seychelles,2030,1.182658664816819
Sierra Leone,2020,78.7523638899306
Sierra Leone,2021,80.10153604285686
Sierra Leone,2022,81.21421271338568
Sierra Leone,2023,82.05277388026366
Sierra Leone,2024,82.63362634216331
Sierra Leone,2025,83.00436217390053
Sierra Leone,2026,83.22252604910909
Sierra Leone,2027,83.34079173830251
Sierra Leone,2028,83.39972594043279
Sierra Leone,2029,83.4266233901671
Sierra Leone,2030,83.43779957191002
Singapore,2020,0.6176799720464808
Singapore,2021,0.604253691960556
Singapore,2022,0.5888396760519412
Singapore,2023,0.5736357488225365
Singapore,2024,0.5602954468156136
Singapore,2025,0.5497036727202773
Singapore,2026,0.5420199712420044
Singapore,2027,0.5368962422254022
Singapore,2028,0.5337430276135833
Singapore,2029,0.5319471100813817
Singapore,2030,0.5309985474251832
Sint Maarten (Dutch part),2020,0.05000000000000001
Sint Maarten (Dutch part),2021,0.05000000000000001
Sint Maarten (Dutch part),2022,0.05000000000000001
Sint Maarten (Dutch part),2023,0.05000000000000001
Sint Maarten (Dutch part),2024,0.05000000000000001
Sint Maarten (Dutch part),2025,0.05000000000000001
Sint Maarten (Dutch part),2026,0.05000000000000001
Sint Maarten (Dutch part),2027,0.05000000000000001
Sint Maarten (Dutch part),2028,0.05000000000000001
Sint Maarten (Dutch part),2029,0.05000000000000001
Sint Maarten (Dutch part),2030,0.05000000000000001
Slovakia,2020,11.143494818609193
Slovakia,2021,10.510981375572193
Slovakia,2022,9.963023150827743
Slovakia,2023,9.536342317062347
Slovakia,2024,9.233373661241417
Slovakia,2025,9.035159791662233
Slovakia,2026,8.91468546553262
Slovakia,2027,8.846184773203253
Slovakia,2028,8.809533373171686
Slovakia,2029,8.790992050629551
Slovakia,2030,8.782093646402874
Slovenia,2020,20.080524804848977
Slovenia,2021,19.955105552104023
Slovenia,2022,19.860165457987705
Slovenia,2023,19.778866693848062
Slovenia,2024,19.703209364977557
Slovenia,2025,19.63320074563193
Slovenia,2026,19.572565582602167
Slovenia,2027,19.52461738393634
Slovenia,2028,19.490213204419554
Slovenia,2029,19.467789734883414
Slovenia,2030,19.454470683188013
Solomon Islands,2020,49.43204012854809
Solomon Islands,2021,49.32862389310878
Solomon Islands,2022,49.25965591969394
Solomon Islands,2023,49.2625480811119
Solomon Islands,2024,49.32994004604304
Solomon Islands,2025,49.43233725089973
Solomon Islands,2026,49.538939476544066
Solomon Islands,2027,49.62923717484886
Solomon Islands,2028,49.695211439109855
Solomon Islands,2029,49.737959091729294
Solomon Islands,2030,49.762909458195146
Somalia,2020,94.74813154400158
Somalia,2021,94.68174629549597
Somalia,2022,94.59603693311722
Somalia,2023,94.49538568304716
Somalia,2024,94.39006635620419
Somalia,2025,94.29207671155103
Somalia,2026,94.21058813048583
Somalia,2027,94.14960158173848
Somalia,2028,94.10825892446427
Somalia,2029,94.08273254884637
Somalia,2030,94.06831181492346
South Africa,2020,10.473642978507
South Africa,2021,10.543274979143632
South Africa,2022,10.689304518819537
South Africa,2023,10.908633377062051
South Africa,2024,11.169794690446034
South Africa,2025,11.43107431782274
South Africa,2026,11.658106512673111
South Africa,2027,11.832965497231173
South Africa,2028,11.953936856457775
South Africa,2029,12.02980222404474
South Africa,2030,12.073214627565838
South Korea,2020,2.9488931150767828
South Korea,2021,2.833375179231587
South Korea,2022,2.6736939910220148
South Korea,2023,2.488327433674181
South Korea,2024,2.299591570183824
South Korea,2025,2.1280034975047304
South Korea,2026,1.9873354257734341
South Korea,2027,1.8826632204524667
South Korea,2028,1.8116199863526368
South Korea,2029,1.7674682129510757
South Korea,2030,1.742264242628725
South Sudan,2020,29.78422814048254
South Sudan,2021,29.784228142720686
South Sudan,2022,29.784228142721023
South Sudan,2023,29.784228142721023
South Sudan,2024,29.784228142721023
South Sudan,2025,29.784228142721023
South Sudan,2026,29.784228142721023
South Sudan,2027,29.784228142721023
South Sudan,2028,29.784228142721023
South Sudan,2029,29.784228142721023
South Sudan,2030,29.784228142721023
Spain,2020,14.248778525521256
Spain,2021,13.774758465676776
Spain,2022,13.36430764896921
Spain,2023,13.023770840910416
Spain,2024,12.754665014683333
Spain,2025,12.553446575681866
Spain,2026,12.411885995079775
Spain,2027,12.318576274433754
Spain,2028,12.261111740562024
Spain,2029,12.228104568331792
Spain,2030,12.210438835959822
Sri Lanka,2020,55.3088729157166
Sri Lanka,2021,56.15948132495119
Sri Lanka,2022,57.03217487128982
Sri Lanka,2023,57.81457710443454
Sri Lanka,2024,58.44504553106684
Sri Lanka,2025,58.90834993128043
Sri Lanka,2026,59.221458233021394
Sri Lanka,2027,59.41708747259768
Sri Lanka,2028,59.53048122988886
Sri Lanka,2029,59.59160189821265
Sri Lanka,2030,59.62228858119999
Sudan,2020,62.41424122919919
Sudan,2021,63.50282333907217
Sudan,2022,64.70406942085485
Sudan,2023,65.83336604073756
Sudan,2024,66.77240875660654
Sudan,2025,67.47650181037284
Sudan,2026,67.95795113162927
Sudan,2027,68.26035058012549
Sudan,2028,68.43567452738127
Sudan,2029,68.52982565659028
Sudan,2030,68.57677391673363
Suriname,2020,18.3292885099793
Suriname,2021,19.305187298103135
Suriname,2022,20.014731977009678
Suriname,2023,20.458212986081133
Suriname,2024,20.688296960312922
Suriname,2025,20.776166831429343
Suriname,2026,20.786339746605396
Suriname,2027,20.764612252514677
Suriname,2028,20.736991613966687
Suriname,2029,20.71458250658602
Suriname,2030,20.699814159340562
Sweden,2020,50.08666094701247
Sweden,2021,49.02280176981179
Sweden,2022,47.935897987505115
Sweden,2023,46.96103877872633
Sweden,2024,46.174032592617024
Sweden,2025,45.594484984163195
Sweden,2026,45.20210329605328
Sweden,2027,44.95662165624697
Sweden,2028,44.814233152881414
Sweden,2029,44.73748257261873
Sweden,2030,44.69897439049298
Switzerland,2020,23.420127482599604
Switzerland,2021,22.8928633226922
Switzerland,2022,22.359383133924375
Switzerland,2023,21.886536691055756
Switzerland,2024,21.510232092518805
Switzerland,2025,21.23771431175853
Switzerland,2026,21.05665351215841
Switzerland,2027,20.945697910929095
Switzerland,2028,20.882750858207725
Switzerland,2029,20.849602746990517
Switzerland,2030,20.83336762048502
Syria,2020,1.1332535210591386
Syria,2021,1.431135760759498
Syria,2022,1.6936796412698543
Syria,2023,1.8718695398111023
Syria,2024,1.9592597102018978
Syria,2025,1.977188675215011
Syria,2026,1.955917635244337
Syria,2027,1.9210870061670051
Syria,2028,1.8883124682683432
Syria,2029,1.863934164180378
Syria,2030,1.8484085923916145
Tajikistan,2020,46.00889489298922
Tajikistan,2021,47.72978152966357
Tajikistan,2022,49.55547252815769
Tajikistan,2023,51.23753559196265
Tajikistan,2024,52.62584194979526
Tajikistan,2025,53.66840641509153
Tajikistan,2026,54.38706241740685
Tajikistan,2027,54.844253039587365
Tajikistan,2028,55.11363840365205
Tajikistan,2029,55.26100777832229
Tajikistan,2030,55.33598804516369
Tanzania,2020,86.42873339684405
Tanzania,2021,86.99102036001773
Tanzania,2022,87.52598622645074
Tanzania,2023,88.01028425669446
Tanzania,2024,88.42376790646941
Tanzania,2025,88.75380043678679
Tanzania,2026,88.99860297270536
Tanzania,2027,89.16681335672119
Tanzania,2028,89.27375300509398
Tanzania,2029,89.3366538090647
Tanzania,2030,89.37090355280877
Thailand,2020,22.385890295518873
Thailand,2021,22.438058795976534
Thailand,2022,22.458212448621843
Thailand,2023,22.435987694396342
Thailand,2024,22.37907626499609
Thailand,2025,22.304712636384075
Thailand,2026,22.230369378944815
Thailand,2027,22.167860699083654
Thailand,2028,22.121893692376105
Thailand,2029,22.091717690728505
Thailand,2030,22.07381491953615
Togo,2020,73.91169936379997
Togo,2021,72.90015188887955
Togo,2022,72.57109367578882
Togo,2023,72.76597122696818
Togo,2024,73.25195228234881
Togo,2025,73.81799168920497
Togo,2026,74.3247813003368
Togo,2027,74.71037111386003
Togo,2028,74.96952695555764
Togo,2029,75.12639221510105
Togo,2030,75.21286027149391
Tonga,2020,1.66919223882375
Tonga,2021,1.6130925090890988
Tonga,2022,1.6105434722729823
Tonga,2023,1.6515997970743062
Tonga,2024,1.7166299002637924
Tonga,2025,1.7861641231112297
Tonga,2026,1.846813013737272
Tonga,2027,1.8926331395834026
Tonga,2028,1.9234548119768236
Tonga,2029,1.942196302979491
Tonga,2030,1.9525940754019966
Trinidad and Tobago,2020,0.5235413511836177
Trinidad and Tobago,2021,0.5331954170665376
Trinidad and Tobago,2022,0.540114834310712
Trinidad and Tobago,2023,0.5446892478167308
Trinidad and Tobago,2024,0.547486823279275
Trinidad and Tobago,2025,0.5490728834411963
Trinidad and Tobago,2026,0.549907765761766
Trinidad and Tobago,2027,0.5503162885170906
Trinidad and Tobago,2028,0.5505022824729929
Trinidad and Tobago,2029,0.5505811318854907
Trinidad and Tobago,2030,0.5506122763199688
Tunisia,2020,11.85475529837364
Tunisia,2021,12.028494063789523
Tunisia,2022,12.274531956099626
Tunisia,2023,12.540860747942418
Tunisia,2024,12.784345155476235
Tunisia,2025,12.979891682307045
Tunisia,2026,13.120651446103176
Tunisia,2027,13.21254774208684
Tunisia,2028,13.267378772203273
Tunisia,2029,13.297435388601736
Tunisia,2030,13.312629328082968
Turkey,2020,12.018597117699276
Turkey,2021,12.225898129248385
Turkey,2022,12.54257073084783
Turkey,2023,12.904463597644282
Turkey,2024,13.252410097019283
Turkey,2025,13.546257829822196
Turkey,2026,13.76886082237126
Turkey,2027,13.921947202180439
Turkey,2028,14.01824420203448
Turkey,2029,14.07393316676051
Turkey,2030,14.103648051750405
Turkmenistan,2020,0.07
Turkmenistan,2021,0.07
Turkmenistan,2022,0.07
Turkmenistan,2023,0.07
Turkmenistan,2024,0.07
Turkmenistan,2025,0.07
Turkmenistan,2026,0.07
Turkmenistan,2027,0.07
Turkmenistan,2028,0.07
Turkmenistan,2029,0.07
Turkmenistan,2030,0.07
Turks and Caicos Islands,2020,0.385
Turks and Caicos Islands,2021,0.385
Turks and Caicos Islands,2022,0.385
Turks and Caicos Islands,2023,0.385
Turks and Caicos Islands,2024,0.385
Turks and Caicos Islands,2025,0.385
Turks and Caicos Islands,2026,0.385
Turks and Caicos Islands,2027,0.385
Turks and Caicos Islands,2028,0.385
Turks and Caicos Islands,2029,0.385
Turks and Caicos Islands,2030,0.385
Tuvalu,2020,6.774281941178526
Tuvalu,2021,6.11554302066802
Tuvalu,2022,5.28771499772628
Tuvalu,2023,4.452641779773003
Tuvalu,2024,3.723800429089699
Tuvalu,2025,3.1559526455016917
Tuvalu,2026,2.7545887832936353
Tuvalu,2027,2.494772669205713
Tuvalu,2028,2.3398090378345247
Tuvalu,2029,2.254305459931786
Tuvalu,2030,2.210537732668351
Uganda,2020,90.19994354893919
Uganda,2021,90.47278767407916
Uganda,2022,90.85003877285084
Uganda,2023,91.26668581687171
Uganda,2024,91.66498788782525
Uganda,2025,92.00510640639706
Uganda,2026,92.26854456154149
Uganda,2027,92.45519591395413
Uganda,2028,92.57678538982503
Uganda,2029,92.64984803324445
Uganda,2030,92.6904365667657
Ukraine,2020,7.07318796936676
Ukraine,2021,6.627708823993564
Ukraine,2022,6.000255272336719
Ukraine,2023,5.332272961145897
Ukraine,2024,4.731702494150562
Ukraine,2025,4.2564705926992294
Ukraine,2026,3.918739414629107
Ukraine,2027,3.7006809405331476
Ukraine,2028,3.571835802166176
Ukraine,2029,3.5018215675247366
Ukraine,2030,3.466710865019661
United Arab Emirates,2020,0.2164670118577443
United Arab Emirates,2021,0.21244225046618295
United Arab Emirates,2022,0.20770619247585353
United Arab Emirates,2023,0.2029748858186508
United Arab Emirates,2024,0.19879282875457033
United Arab Emirates,2025,0.19545727422170395
United Arab Emirates,2026,0.19303045183452966
United Arab Emirates,2027,0.19140905525741708
United Arab Emirates,2028,0.19040993644506368
United Arab Emirates,2029,0.18984038774816225
United Arab Emirates,2030,0.1895393840782114
United Kingdom,2020,8.330783023659555
United Kingdom,2021,7.601729892803376
United Kingdom,2022,6.83335727572555
United Kingdom,2023,6.125127470381505
United Kingdom,2024,5.538398952507143
United Kingdom,2025,5.095282052987065
United Kingdom,2026,4.787688530087167
United Kingdom,2027,4.5904385315117615
United Kingdom,2028,4.473201062078974
United Kingdom,2029,4.408474172388754
United Kingdom,2030,4.375228511144332
United States,2020,10.10197497611719
United States,2021,9.916218054048183
United States,2022,9.603527832853455
United States,2023,9.222793290687147
United States,2024,8.839049824669468
United States,2025,8.502933892713848
United States,2026,8.240910735363135
United States,2027,8.056581186728305
United States,2028,7.938522813689309
United States,2029,7.869263869540573
United States,2030,7.831885391095302
Uruguay,2020,57.12769018713853
Uruguay,2021,55.57153263959155
Uruguay,2022,54.062913776410106
Uruguay,2023,52.75536955672207
Uruguay,2024,51.724617056439826
Uruguay,2025,50.97839774484607
Uruguay,2026,50.47933180722617
Uruguay,2027,50.16981105299305
Uruguay,2028,49.99133525732219
Uruguay,2029,49.89548401237016
Uruguay,2030,49.84747899129978
Uzbekistan,2020,1.2361651259138073
Uzbekistan,2021,1.0586972300539368
Uzbekistan,2022,0.9325779366297648
Uzbekistan,2023,0.8685876582878065
Uzbekistan,2024,0.8570240687548979
Uzbekistan,2025,0.8781443861637407
Uzbekistan,2026,0.9123175871595939
Uzbekistan,2027,0.9458478363152689
Uzbekistan,2028,0.9721034098915754
Uzbekistan,2029,0.9897645941262612
Uzbekistan,2030,1.0002962565477995
Vanuatu,2020,37.7792648249994
Vanuatu,2021,38.60681382794727
Vanuatu,2022,39.421790075093995
Vanuatu,2023,40.14987933218675
Vanuatu,2024,40.74515703652721
Vanuatu,2025,41.19322236154633
Vanuatu,2026,41.505005691309414
Vanuatu,2027,41.70615721631683
Vanuatu,2028,41.82673056917854
Vanuatu,2029,41.89397803214193
Vanuatu,2030,41.92891242954001
Venezuela,2020,15.956083580857989
Venezuela,2021,15.788221608010176
Venezuela,2022,15.648797323075412
Venezuela,2023,15.552722858408265
Venezuela,2024,15.495651156812254
Venezuela,2025,15.465872884041424
Venezuela,2026,15.452081952907841
Venezuela,2027,15.446376475579148
Venezuela,2028,15.444258993800759
Venezuela,2029,15.443551970798916
Venezuela,2030,15.443339139035167
Vietnam,2020,30.398467938905334
Vietnam,2021,32.1368652686663
Vietnam,2022,34.003246608368194
Vietnam,2023,35.73835164687142
Vietnam,2024,37.17819488348401
Vietnam,2025,38.26192417116357
Vietnam,2026,39.00885177298106
Vietnam,2027,39.48314397283701
Vietnam,2028,39.76176971967346
Vietnam,2029,39.91363711015047
Vietnam,2030,39.99059997908993
World,2020,16.47337872085788
World,2021,16.460774580316055
World,2022,16.4562712976757
World,2023,16.454929094293846
World,2024,16.45459201372797
World,2025,16.454520200800527
World,2026,16.454507160405246
World,2027,16.45450513501576
World,2028,16.454504865247383
World,2029,16.45450483437219
World,2030,16.454504831330986
Yemen,2020,1.0328901326466042
Yemen,2021,0.9893599995456219
Yemen,2022,0.9466896220379958
Yemen,2023,0.913717987704232
Yemen,2024,0.8923832525679096
Yemen,2025,0.8804929740326528
Yemen,2026,0.8746947590105504
Yemen,2027,0.8721963206599364
Yemen,2028,0.871238706569114
Yemen,2029,0.8709106884154483
Yemen,2030,0.8708099275758232
Zambia,2020,83.08216396802665
Zambia,2021,83.65953388784833
Zambia,2022,84.30064664868256
Zambia,2023,84.93123950585063
Zambia,2024,85.48943220835416
Zambia,2025,85.9380106714007
Zambia,2026,86.26717203226433
Zambia,2027,86.48864761065998
Zambia,2028,86.62574066532163
Zambia,2029,86.70401619858592
Zambia,2030,86.74533043483002
Zimbabwe,2020,79.9836209661636
Zimbabwe,2021,78.97271980512234
Zimbabwe,2022,78.12900840090053
Zimbabwe,2023,77.54445809955244
Zimbabwe,2024,77.21652845917816
Zimbabwe,2025,77.08451682656016
Zimbabwe,2026,77.0709971400562
Zimbabwe,2027,77.11065689206447
Zimbabwe,2028,77.16171927624214
Zimbabwe,2029,77.20433690962477
Zimbabwe,2030,77.23323146291492
